{"MDP": {"mu_d": {"lambda_d": {"mu_u": "lambda_u"}}}, "1": {"P": [[0.28619178568269615, 0.0, 0.3676356301908971, 0.0, 0.3461725841264068, 0.0], [0.0, 0.11466840886105507, 0.1359769375752694, 0.2782536500109048, 0.25150862886080955, 0.21959237469196122], [0.0, 0.2138441453814609, 0.0, 0.22139517113761134, 0.26564832882713163, 0.29911235465379615], [1.0, 0.0, 0.0, 0.0, 0.0, 0.0], [0.0, 0.0, 0.0, 0.0, 0.0, 1.0], [0.0, 0.0, 0.0, 1.0, 0.0, 0.0]], "rewards": {"0.45": {"0.25": {"0.45": {"0.05": 23.628615800941414, "0.1": 22.95717215916659, "0.15": 22.50561151984851, "0.2": 22.22386696342049, "0.25": 22.090122809213458, "0.3": 22.115343631423467, "0.35": 22.364520676533854, "0.4": 23.022824505362884}}}}}, "7": {"P": [[0.0, 1.0, 0.0, 0.0, 0.0, 0.0], [0.21024656471731307, 0.24939848662244055, 0.05488841765963784, 0.0, 0.253893036675191, 0.23157349432541752], [0.4581733973070774, 0.0, 0.0, 0.3592648733336358, 0.1825617293592867, 0.0], [0.16357433623211115, 0.20083630090459426, 0.08698399025712328, 0.06893889780453537, 0.21876030940678579, 0.2609061653948501], [0.0, 0.0, 0.40154063040459675, 0.0, 0.0, 0.5984593695954032], [0.0, 0.24318703517407717, 0.08235379051653346, 0.0, 0.3958910463876221, 0.27856812792176733]], "rewards": {"0.45": {"0.25": {"0.45": {"0.05": 19.291328102796165, "0.1": 19.528215696787747, "0.15": 19.714854441629363, "0.2": 19.846330364943668, "0.25": 19.91356684574615, "0.3": 19.9008868554281, "0.35": 19.781671814436493, "0.4": 19.510303061386548}}}}}, "8": {"P": [[0.25597533664669975, 0.02319664654169158, 0.0, 0.2785378274399538, 0.33166510543061045, 0.11062508394104435], [0.29573562034348877, 0.11908455400235828, 0.0, 0.2503856140074795, 0.33479421164667356, 0.0], [0.30925951132894136, 0.07365665986259859, 0.0, 0.0, 0.5329584518331748, 0.08412537697528524], [1.0, 0.0, 0.0, 0.0, 0.0, 0.0], [0.0, 0.15876934746053223, 0.24247593433302828, 0.24850189691150537, 0.09889731781505025, 0.25135550347988384], [0.2985027283979825, 0.23452334251526638, 0.06920473821118003, 0.14658869271091526, 0.0, 0.25118049816465576]], "rewards": {"0.45": {"0.25": {"0.45": {"0.05": 23.70196739427996, "0.1": 23.419553043625353, "0.15": 23.193817606984172, "0.2": 23.034424002925842, "0.25": 22.955215817090593, "0.3": 22.976414181745543, "0.35": 23.128188841792458, "0.4": 23.456653228419402}}}}}, "12": {"P": [[0.26955110176412583, 0.0, 0.2941739936069868, 0.43627490462888735, 0.0, 0.0], [0.6163910106332133, 0.016206740930478837, 0.0, 0.0, 0.3674022484363079, 0.0], [0.0, 0.0, 0.0, 1.0, 0.0, 0.0], [0.3532294903782031, 0.14182521775747817, 0.2930438316035955, 0.12906267463067758, 0.08283878563004562, 0.0], [0.05124204672858688, 0.0, 0.09939978972313832, 0.0, 0.4505306096183886, 0.39882755392988617], [0.23615705382077465, 0.08708198008164851, 0.09837408297708095, 0.0, 0.22495168701700738, 0.3534351961034885]], "rewards": {"0.45": {"0.25": {"0.45": {"0.05": 25.598246561880284, "0.1": 25.267232501442045, "0.15": 25.003488624137386, "0.2": 24.817045371532032, "0.25": 24.72312410899945, "0.3": 24.745032982137644, "0.35": 24.9190127988244, "0.4": 25.302642144730477}}}}}}