{"mu_d": {"lambda_d": {"mu_u": {"lambda_u": "mu_mdp"}}}, "mean": {"0.45": {"0.35": {"0.45": {"0.05": 17.77157, "0.1": 18.545, "0.15": 19.103945, "0.2": 19.563925, "0.25": 19.934925, "0.3": 20.246010000000002, "0.35": 20.5166, "0.4": 20.725235}}, "0.4": {"0.5": {"0.05": 17.876815, "0.1": 18.717055, "0.15": 19.348225, "0.2": 19.82321, "0.25": 20.227635, "0.3": 20.58095, "0.35": 20.863545000000002, "0.4": 21.101689999999998, "0.45": 21.34243}}}, "0.55": {"0.4": {"0.45": {"0.05": 17.946704999999998, "0.1": 18.750125, "0.15": 19.402005, "0.2": 19.920965, "0.25": 20.320864999999998, "0.3": 20.68756, "0.35": 20.98679, "0.4": 21.269475}}}}, "std": {"0.45": {"0.35": {"0.45": {"0.05": 0.452160021563163, "0.1": 0.4630952385848941, "0.15": 0.4434785360927855, "0.2": 0.4753680357102274, "0.25": 0.45974505910885, "0.3": 0.44807954639773506, "0.35": 0.4488325300153722, "0.4": 0.4381003535435688}}, "0.4": {"0.5": {"0.05": 0.4653559721063006, "0.1": 0.4538120227307778, "0.15": 0.4273953958280318, "0.2": 0.46495569240520107, "0.25": 0.4373797912284014, "0.3": 0.44581430831681484, "0.35": 0.44749911505499096, "0.4": 0.423663361526578, "0.45": 0.43618195182744557}}}, "0.55": {"0.4": {"0.45": {"0.05": 0.43598425198050444, "0.1": 0.45914911453143414, "0.15": 0.4390937883584781, "0.2": 0.4649857995412333, "0.25": 0.4583692581042057, "0.3": 0.43518018842773626, "0.35": 0.45942137074803124, "0.4": 0.44521326280222157}}}}}