{"MDP": {"mu_d": {"lambda_d": {"mu_u": "lambda_u"}}}, "0": {"P": [[0.1, 0.9], [0.9, 0.1]], "rewards": {"0.45": {"0.05": {"0.55": {"0.05": 25.024427547552104, "0.1": 25.043462598558285, "0.15": 25.05748388356196, "0.2": 25.068327836446127, "0.25": 25.07698249560297, "0.3": 25.08404980916339, "0.35": 25.08993603673133, "0.4": 25.094915105219496, "0.45": 25.09917766776433, "0.5": 25.102871845281964}}, "0.2": {"0.55": {"0.05": 25.11428594573504, "0.1": 25.196330663420593, "0.15": 25.257794864164303, "0.2": 25.30558230872693, "0.25": 25.343812431893646, "0.3": 25.375086625987468, "0.35": 25.401147877331862, "0.4": 25.423198249395387, "0.45": 25.442097705270562, "0.5": 25.45847497591282}}, "0.3": {"0.55": {"0.05": 25.18483824262162, "0.1": 25.3171350617783, "0.15": 25.416313431787206, "0.2": 25.49344181089054, "0.25": 25.55514088761372, "0.3": 25.605622322197508, "0.35": 25.647685140786038, "0.4": 25.683278347058124, "0.45": 25.713785955795096, "0.5": 25.74022593497646}}, "0.4": {"0.55": {"0.05": 25.26596886334448, "0.1": 25.456146701875596, "0.15": 25.598748476614734, "0.2": 25.70965174307641, "0.25": 25.798372409217027, "0.3": 25.870960637242916, "0.35": 25.931450975779136, "0.4": 25.982633721405424, "0.45": 26.02650488985015, "0.5": 26.064525984464364}}}}}}