{"lcfs1_sim": {"0.3": {"0.05": 24.15659656978971, "0.1": 14.057834398318477, "0.15000000000000002": 10.697287278914912, "0.2": 9.052941137058795, "0.25": 8.057841346273078}, "0.45": {"0.05": 22.934801495682393, "0.1": 12.946730968038581, "0.15000000000000002": 9.611876695439705, "0.2": 7.944481377792551, "0.25": 6.936173980852194, "0.3": 6.272102344892111, "0.35000000000000003": 5.803314440994332, "0.4": 5.43939081969541}}, "lcfs1_ana": {"0.3": {"0.05": 24.05151515151515, "0.1": 14.051515151515153, "0.15000000000000002": 10.718181818181819, "0.2": 9.05151515151515, "0.25": 8.05151515151515}, "0.45": {"0.05": 22.94040404040404, "0.1": 12.94040404040404, "0.15000000000000002": 9.607070707070708, "0.2": 7.94040404040404, "0.25": 6.94040404040404, "0.3": 6.273737373737373, "0.35000000000000003": 5.797546897546897, "0.4": 5.44040404040404}}, "fcfs_sim": {"0.3": {"0.05": 25.56859017634758, "0.1": 15.838590067718014, "0.15000000000000002": 13.343658330974993, "0.2": 13.657114694268817, "0.25": 19.36035667657068}, "0.45": {"0.05": 24.27758667655473, "0.1": 14.39649241544014, "0.15000000000000002": 11.209109422773556, "0.2": 9.77792790040533, "0.25": 9.2195308756247, "0.3": 9.363988409971025, "0.35000000000000003": 10.680888017065621, "0.4": 15.77853035570607}}, "fcfs_ana": {"0.3": {"0.05": 25.316069788797062, "0.1": 15.627180899908172, "0.15000000000000002": 13.071625344352618, "0.2": 13.349403122130397, "0.25": 18.960514233241508}, "0.45": {"0.05": 24.144156208550147, "0.1": 14.204782310842916, "0.15000000000000002": 10.997551270278542, "0.2": 9.561748801142741, "0.25": 8.975946332006938, "0.3": 9.090143862871134, "0.35000000000000003": 10.311484250878191, "0.4": 15.318538924599533}}, "mu_d": 0.55, "lambda_d": 0.4, "mu_u": "lambda_u"}