{"mu_d": {"lambda_d": {"mu_u": {"lambda_u": "mu_mdp"}}}, "mean": {"0.55": {"0.4": {"0.3": {"0.05": 23.74975, "0.1": 23.2372, "0.15": 22.97035, "0.2": 23.01035, "0.25": 23.473}, "0.35": {"0.05": 23.6637, "0.1": 23.08005, "0.15": 22.7445, "0.2": 22.64645, "0.25": 22.7507, "0.3": 23.2689}, "0.4": {"0.05": 23.6277, "0.1": 23.0033, "0.15": 22.5591, "0.2": 22.3457, "0.25": 22.32865, "0.3": 22.4998, "0.35": 23.19225}, "0.45": {"0.05": 23.5755, "0.1": 22.9345, "0.15": 22.4404, "0.2": 22.1712, "0.25": 22.0384, "0.3": 22.0331, "0.35": 22.35565, "0.4": 23.04035}}}}, "std": {"0.55": {"0.4": {"0.3": {"0.05": 0.15189696343245312, "0.1": 0.16245817923391853, "0.15": 0.1449349078034688, "0.2": 0.17465860270825484, "0.25": 0.1766069081321566}, "0.35": {"0.05": 0.16236166419447665, "0.1": 0.1528438664127547, "0.15": 0.1554790982736908, "0.2": 0.18098797611996217, "0.25": 0.1680253254720847, "0.3": 0.18873205874996435}, "0.4": {"0.05": 0.15217657506988386, "0.1": 0.16694942347908842, "0.15": 0.17780520239858003, "0.2": 0.21089336167836104, "0.25": 0.19170531421950723, "0.3": 0.19861510516574513, "0.35": 0.22011857599939175}, "0.45": {"0.05": 0.1419357248898247, "0.1": 0.17296748249309754, "0.15": 0.16917251549823334, "0.2": 0.1757869733512697, "0.25": 0.17480829499769168, "0.3": 0.17141438096029166, "0.35": 0.18169707620102202, "0.4": 0.22607106736599444}}}}}