{"MDP": {"mu_d": {"lambda_d": {"mu_u": "lambda_u"}}}, "0": {"P": [[0.1, 0.9], [0.8, 0.2]], "rewards": {"0.45": {"0.05": {"0.55": {"0.05": 25.985396549460233, "0.1": 25.657924080249543, "0.15": 25.44014489088769, "0.2": 25.298835823266327, "0.25": 25.20973237379903, "0.3": 25.155502487080533, "0.35": 25.12403301811474, "0.4": 25.107029585085247, "0.45": 25.098949621988453, "0.5": 25.096202293830927}}, "0.2": {"0.55": {"0.05": 26.042008277909158, "0.1": 25.757487748977145, "0.15": 25.57418176777948, "0.2": 25.461021589674527, "0.25": 25.39539654009009, "0.3": 25.36114672849215, "0.35": 25.346980124774507, "0.4": 25.345175061160038, "0.45": 25.350594648061314, "0.5": 25.35992418694247}}, "0.3": {"0.55": {"0.05": 26.08639288795227, "0.1": 25.83678389800046, "0.15": 25.68159905025705, "0.2": 25.59152508009785, "0.25": 25.545220126669335, "0.3": 25.52744940749317, "0.35": 25.527557372772865, "0.4": 25.538289385183024, "0.45": 25.554830981091033, "0.5": 25.574105425092892}}, "0.4": {"0.55": {"0.05": 26.137476861348695, "0.1": 25.928442656092358, "0.15": 25.806115796472383, "0.2": 25.74312966963221, "0.25": 25.719567899040783, "0.3": 25.721218200134658, "0.35": 25.73816874291191, "0.4": 25.763683177706895, "0.45": 25.793332573828852, "0.5": 25.824317040305104}}}}}}