{"mu_d": {"lambda_d": {"mu_u": "lambda_u"}}, "rewards": {"0.3": {"0.15": {"0.55": {"0.05": 17.35554385121483, "0.1": 17.82013427438741, "0.15": 18.16078984316991, "0.2": 18.424927682788642, "0.25": 18.637995582762166, "0.3": 18.814984196979424, "0.35": 18.965361316214217, "0.4": 19.095424500786002, "0.45": 19.209553090352653, "0.5": 19.310889508444735}}}, "0.35": {"0.2": {"0.55": {"0.05": 17.520523664605214, "0.1": 18.10042445823618, "0.15": 18.52861853415653, "0.2": 18.862796605396916, "0.25": 19.133985342379944, "0.3": 19.360492694925316, "0.35": 19.55391416196643, "0.4": 19.72198745941374, "0.45": 19.87009789528549, "0.5": 20.002128894957796}}}, "0.4": {"0.25": {"0.55": {"0.05": 17.663755241917357, "0.1": 18.345435145258808, "0.15": 18.852014229359654, "0.2": 19.249708917879925, "0.25": 19.574175779324293, "0.3": 19.84652879103946, "0.35": 20.08014594433906, "0.4": 20.283980693541995, "0.45": 20.46428198014756, "0.5": 20.625563758652294}}}, "0.45": {"0.3": {"0.55": {"0.05": 17.789314092889132, "0.1": 18.561590290264668, "0.15": 19.13886281647933, "0.2": 19.59448479398172, "0.25": 19.968028041623995, "0.3": 20.282957376172565, "0.35": 20.55417844365542, "0.4": 20.791689339414948, "0.45": 21.00247740166685, "0.5": 21.191604849963056}}, "0.35": {"0.45": {"0.05": 17.777259543709174, "0.1": 18.539652788970482, "0.15": 19.108492413456787, "0.2": 19.55670608042593, "0.25": 19.923610040424318, "0.3": 20.232501225017895, "0.35": 20.498177344660576, "0.4": 20.730552191217267}}, "0.4": {"0.5": {"0.05": 17.870379602864265, "0.1": 18.7009851926735, "0.15": 19.323701153537318, "0.2": 19.81651430253826, "0.25": 20.22152686328956, "0.3": 20.563727234416046, "0.35": 20.859011337716616, "0.4": 21.118047426739686, "0.45": 21.34830296074592}}}, "0.55": {"0.4": {"0.3": {"0.05": 17.722787215970595, "0.1": 18.445873972024874, "0.15": 18.98418920282222, "0.2": 19.40752397003278, "0.25": 19.75345143827977}, "0.35": {"0.05": 17.79420639314861, "0.1": 18.569076488152252, "0.15": 19.147906317193453, "0.2": 19.604503742545067, "0.25": 19.978653928621107, "0.3": 20.293941310988426}, "0.4": {"0.05": 17.85560623846568, "0.1": 18.675447937543975, "0.15": 19.289763228380885, "0.2": 19.775703885212458, "0.25": 20.17490558520587, "0.3": 20.512071739799897, "0.35": 20.802915024734492}, "0.45": {"0.05": 17.909183932665638, "0.1": 18.76863192835454, "0.15": 19.414440917424685, "0.2": 19.9265958786058, "0.25": 20.348300181368668, "0.3": 20.70521254429043, "0.35": 21.01366868531695, "0.4": 21.284638101413236}}, "0.5": {"0.45": {"0.05": 17.989890176235075, "0.1": 18.9090356037852, "0.15": 19.602419461500617, "0.2": 20.15425562311642, "0.25": 20.610085424327266, "0.3": 20.996986177279712, "0.35": 21.332222445828886, "0.4": 21.627403407014754}}}}}