{"mu_d": {"lambda_d": {"mu_u": "lambda_u"}}, "mean": {"0.55": {"0.4": {"0.3": {"0.05": 17.602304999999998, "0.1": 18.141070000000003, "0.15": 18.39566, "0.2": 18.362614999999998, "0.25": 17.909905}, "0.45": {"0.05": 17.804225, "0.1": 18.511364999999998, "0.15": 19.06015, "0.2": 19.386025, "0.25": 19.537135, "0.3": 19.489235, "0.35": 19.196839999999998, "0.4": 18.48217}}}}, "std": {"0.55": {"0.4": {"0.3": {"0.05": 0.4215632360334568, "0.1": 0.4239086046543524, "0.15": 0.44464060138498374, "0.2": 0.43302128905516873, "0.25": 0.4214668029335169}, "0.45": {"0.05": 0.46142504740748524, "0.1": 0.4586973531371203, "0.15": 0.461380891997057, "0.2": 0.43538060863456013, "0.25": 0.4439838023790958, "0.3": 0.44503740266970815, "0.35": 0.43897991343568327, "0.4": 0.4482702210720672}}}}}