{"mu_d": {"lambda_d": {"mu_u": "lambda_u"}}, "mean": {"0.55": {"0.4": {"0.3": {"0.05": 17.602304999999998, "0.1": 18.141070000000003, "0.15": 18.39566, "0.2": 18.362614999999998, "0.25": 17.909905}}}}, "std": {"0.55": {"0.4": {"0.3": {"0.05": 0.4215632360334568, "0.1": 0.4239086046543524, "0.15": 0.44464060138498374, "0.2": 0.43302128905516873, "0.25": 0.4214668029335169}}}}}