{"mu_d": {"lambda_d": {"mu_u": {"lambda_u": "mu_mdp"}}}, "mean": {"0.55": {"0.4": {"0.3": {"0.05": 17.480275, "0.1": 17.924979999999998, "0.15": 18.139605, "0.2": 18.070014999999998, "0.25": 17.69}, "0.35": {"0.05": 17.54359, "0.1": 18.06912, "0.15": 18.36666, "0.2": 18.459204999999997, "0.25": 18.287445, "0.3": 17.820245}, "0.4": {"0.05": 17.589085, "0.1": 18.17241, "0.15": 18.556079999999998, "0.2": 18.72438, "0.25": 18.726385, "0.3": 18.48293, "0.35": 17.910945}, "0.45": {"0.05": 17.628145, "0.1": 18.280070000000002, "0.15": 18.672220000000003, "0.2": 18.929, "0.25": 19.024945000000002, "0.3": 18.933735000000002, "0.35": 18.668004999999997, "0.4": 18.044485}}}}, "std": {"0.55": {"0.4": {"0.3": {"0.05": 0.4542804743492725, "0.1": 0.4413050527696233, "0.15": 0.43483292075807695, "0.2": 0.43582786140287083, "0.25": 0.42675877261047607}, "0.35": {"0.05": 0.45221705175722865, "0.1": 0.4404479828538212, "0.15": 0.44852568978822166, "0.2": 0.42603021368794963, "0.25": 0.4169950203239842, "0.3": 0.4402760099925954}, "0.4": {"0.05": 0.4569852161448989, "0.1": 0.4304776903626946, "0.15": 0.44458602497154587, "0.2": 0.42729505684011837, "0.25": 0.42758929684336106, "0.3": 0.4158103114402047, "0.35": 0.4181272915931224}, "0.45": {"0.05": 0.4525016949968254, "0.1": 0.43572450596678636, "0.15": 0.4600825704153549, "0.2": 0.4344271515455727, "0.25": 0.441972535317524, "0.3": 0.44205528474954353, "0.35": 0.4238604663978465, "0.4": 0.4205044111243067}}}}}